wkt_geom;ID;loc_id;xcoord;ycoord;zcoorddb;Name
Point (32485574.71000000089406967 5949969.473000000230968);b1;1227;32485574.71;5949969.473;1.4596;Test Bohrung 1
Point (32485583.17999999970197678 5950059.70899999979883432);b2;1226;32485583.18;5950059.709;1.3083;Test Bohrung 2
;;;;;;
;;;;;;
